Df	SumsOfSqs	MeanSqs	F.Model	R2	Pr(>F)
group	1	3.2507474791293	3.2507474791293	9.09799792010276	0.0305201577453775	0.001
Residuals	289	103.260742607178	0.357303607637293	NA	0.969479842254622	NA
Total	290	106.511490086307	NA	NA	1	NA
