Df	SumsOfSqs	MeanSqs	F.Model	R2	Pr(>F)
group	1	2.9689769914771	2.9689769914771	10.2128456189326	0.0287513409069918	0.001
Residuals	345	100.294971673787	0.29071006282257	NA	0.971248659093008	NA
Total	346	103.263948665264	NA	NA	1	NA
