Df	SumsOfSqs	MeanSqs	F.Model	R2	Pr(>F)
group	3	6.00491768844277	2.00163922948092	5.71575017590693	0.0563781211172183	0.001
Residuals	287	100.506572397537	0.350197116367725	NA	0.943621878882782	NA
Total	290	106.51149008598	NA	NA	1	NA
